id,uid,hash
1,abe1,71b3b26aaa319e0cdf6fdb8429c112b0 
2,voltron1,75c6f03161d020201000414cd1501f9f 
3,abe2,1c5442c0461e5186126aaba26edd6857 
4,abe3,1c5442c0461e5186126aaba26edd6857 
5,paulina,d2feb9b6718bb374dfdd689380676954
6,voltron2,6b1628b016dff46e6fa35684be6acc96 
7,voltron3,05f3672ba34409136aa71b8d00070d1b 
8,nixon22,6b1628b016dff46e6fa35684be6acc96 
9,parkvue,e60a95f3f443e37f5a47210d9b340a05
10,michaela,823fec7a2632ea7b498c1d0d11c11377
11,frodo123,ff0d813dd5d2f64dd372c6c4b6aed086 
12,frodo2010,fd820a2b4461bddd116c1518bc4b0f77
13,frodo932,6228bd57c9a858eb305e0fd0694890f7
14,kam,f4f068e71e0d87bf0ad51e6214ab84e9
15,raynay,da4c5332661cad24dc34553651312cda
16,nixfitz,f806fc5a2a0d5ba2471600758452799c
17,forko,48bafc503cbdbf5e49ca9725f980e241
18,mikey,90253759ffa2cbdc7fb565401037df70
19,shaqfu,1aef0a62ed84bb165989ab32f0ba56c2 
20,bakayaro,7ca955bd92ca8b00548ddf36d2e79217
21,byron,4edfc924721abb774d5447bade86ea5d
22,boron,ff0d813dd5d2f64dd372c6c4b6aed086 
23,marvell,75c6f03161d020201000414cd1501f9f
24,samantha,1c5442c0461e5186126aaba26edd6857
25,forty,05f3672ba34409136aa71b8d00070d1b
26,tish,71b3b26aaa319e0cdf6fdb8429c112b0
27,bjork,1d3d37667a8d7eb02054c6afdf9e2e1c
28,jbork,1aef0a62ed84bb165989ab32f0ba56c2 
29,krobj,b6cb572e168a99f5209eae6a906cf65c
30,sixto,210dc1fd8cb4e4e43cb4961b28fac275
31,melvin,069a6a9ccaaca7967a0c43cb5e161187 
32,telvin,d9eaabe53adedb62bc74b7eb0a9477d4
33,gelvin,e04755387e5b5968ec213e41f70c1d46
34,arnold,069a6a9ccaaca7967a0c43cb5e161187 
35,lezcano,e6a5ba0842a531163425d66839569a68
