num,uid,salt,sha_salt,sha
1,gimchi,cabe8315,3bd4be9c99c13740105c8c45211f10163e4ed6df,1cb5bd5a9e45420321f44c72da5d90d7f0432ffb
2,loah,ac28eb18,1ef1d62addebe3ebafd1d6ee4c3635ee19b0a79c,17b9e1c64588c7fa6419b4d29dc1f4426279ba01
3,bernadina,7fad8fa2,1a05b544096b882e4f916f92a25a9ac7dad6d10c,dd5fef9c1c1da1394d6d34b248c51be2ad740840
4,moese,7f85bdbf,0c088451ba5fcc61dd41691545040895c7cef5f5,1cb5bd5a9e45420321f44c72da5d90d7f0432ffb
5,arri,6c90b138,391ae25fd8a17b14b49b3919e5ca14462224dd8d,b1b3773a05c0ed0176787a4f1574ff0075f7521e
6,rihanna,9bf06ca7,ebddd718f9b66246a016cf3800869fe4180b3397,e5e9fa1ba31ecd1ae84f75caaa474f3a663f05f4
7,coralai,e909cb21,a017a37513910df38559eb1beb9c8203736dc261,ab5e2bca84933118bbc9d48ffaccce3bac4eeb64
8,aiylah,7603e9a2,67fb1e5ec8539f47ad8d036d2a4b66be0e1f482e,775bb961b81da1ca49217a48e533c832c337154a
9,spresa,e730bf43,04ff2d48dcf8b888b218390d5d6eb8e5fa4ea77e,f1cf651ce1a2191a760c0b2f161234f7958e26e4
10,kissie,0b69ddda,2e59938c6c531e8fdade6aef542d3f43951a6cd4,f1cf651ce1a2191a760c0b2f161234f7958e26e4
11,latissha,55b0d561,cf3e83d116b91b65dd218d714c96fcff568dc853,17b9e1c64588c7fa6419b4d29dc1f4426279ba01
12,whittany,3d4b19b0,802f9c9310da2376ecda4763ae771dba8861c09a,dd5fef9c1c1da1394d6d34b248c51be2ad740840
13,rizumi,24d780b9,768dbd12c8c775687a296cfe99f63be08b47d460,1cb5bd5a9e45420321f44c72da5d90d7f0432ffb
14,bekham,00bc969a,a3f6e187540f29f292d33b4b6160ef4f2105e7e3,775bb961b81da1ca49217a48e533c832c337154a
15,nitalia,e8b6f4cc,b7b2a83328cb43eed7a2dc22f24be0a6a3431294,1cb5bd5a9e45420321f44c72da5d90d7f0432ffb
16,chamaine,7f84b4b2,3fde3addf2b9d19aab15b6138b286c6b423778e6,fdb87dfd199045af7165780b11640b83768a0d57
17,addeline,317b189a,8120861469838a5936d94b3e6d534bb0691fbc33,601f1889667efaebb33b8c12572835da3f027f78
18,thady,811c5ae1,1717009712ba93206a5ae39a3bd5260b27e81883,0ce7911e6479995d6c346d6f03eb723b5135309e
19,odhran,19440638,ff649ce2b907f024ca1726b78457d5f02ceb50ce,0ce7911e6479995d6c346d6f03eb723b5135309e
20,lily-jade,ea15d845,1d82278d6f1de35c08bad02162f30bd8c7978ad1,ab5e2bca84933118bbc9d48ffaccce3bac4eeb64
21,kanaan,e4dfbd62,f6eda0dbe96158a917b503ff14ff3cd0264e3579,0ce7911e6479995d6c346d6f03eb723b5135309e
22,dular,2c034f5f,a0df7d4ed21bcb499b9805bfc75dc2403d2f77e1,fdb87dfd199045af7165780b11640b83768a0d57
23,mishaan,6d5ab062,e4013dc7eb792a45babab32972af7eba4257443c,de3460832ea070effabbc7032d7594bbde1bb120
24,hepsiba,345bb06e,3992a0c1b65692703cd94994c61aa818e525a102,0ce7911e6479995d6c346d6f03eb723b5135309e
25,klausjurgen,867b17f6,6d7ea28f3a721fea535656033118a5e49557e97a,782f9b10621e362d5bd0def3a279b5e0908c9ebb
26,yeva,aa62627d,c6508daf987ea08c03973261604edc68869ec7f2,068942c83f0e6994d046f7ec01b8f42ba8f317a7
27,otthold,37f881ef,44ed16023386631e5455d372162b49e1f1a4c0fb,17b9e1c64588c7fa6419b4d29dc1f4426279ba01
28,lunda,4727ef71,698bb6d48ec3f39e1b17e77ff9b3fde07d06f109,ee8d8728f435fd550f83852aabab5234ce1da528
29,shawandra,41c14186,5b8aae7fc6e0e0b14efd250bb73d2e4c48a6d5ce,068942c83f0e6994d046f7ec01b8f42ba8f317a7
30,andrenique,63b71952,8b022d53c69fb715822304750e0b717a2141e6b8,0ce7911e6479995d6c346d6f03eb723b5135309e
31,syedul,04f7b305,3eb2f59e4c326a447c62ce16743797bcdd42381b,782f9b10621e362d5bd0def3a279b5e0908c9ebb
32,anamia,a3815786,14a796d1eb516fe80c555d2225644b9c1e553000,ab5e2bca84933118bbc9d48ffaccce3bac4eeb64
33,heilwig,c3298ccc,32e72bcff0514365a393da1e65b158807a837fc0,99996b911567c83cce17cdf194f314975c57ddf1
34,jaymarion,525153b7,951e036f6bdc0d8c52c1dd639951e349f481cec4,de3460832ea070effabbc7032d7594bbde1bb120
35,sayveon,1f4ebe73,62fe68922a9ff0386040b00ab19f5fd5140693e4,f1cf651ce1a2191a760c0b2f161234f7958e26e4
36,botek,7fd73a8b,67e7fd251a407ed00f5f8548da5c350e22d160e2,20eabe5d64b0e216796e834f52d61fd0b70332fc
37,de-luna,523a4d85,784b65a281559b86ad1a1fa884e20a2360dadbe6,e5e9fa1ba31ecd1ae84f75caaa474f3a663f05f4
38,amey,dcd5c4de,3c95824567ba3221c08fb83f737c3e1121e7c345,ee8d8728f435fd550f83852aabab5234ce1da528
39,stjulian,b0fb5723,3aac10d49e585b078bdf9612144f0f7c2b448704,601f1889667efaebb33b8c12572835da3f027f78
40,kamaljeet,2f093ece,96004f398b5873c1096e22a083a525d60979d047,f1cf651ce1a2191a760c0b2f161234f7958e26e4
41,ademiposi,ec2da87b,0fd6132a834b2c755651b587ee1d11c22a4a79d0,775bb961b81da1ca49217a48e533c832c337154a
42,evva,1ab4bd97,69b61fce994330fa8380e619c68aed82ffa90760,b1b3773a05c0ed0176787a4f1574ff0075f7521e
43,limann,2abf85c4,a7ab4f580778588a7c663625bb7f2ac65b099b9c,b1b3773a05c0ed0176787a4f1574ff0075f7521e
44,kinyata,199a1730,2a298717a8f91c34948bff9591a434c9d40891ff,ab87d24bdc7452e55738deb5f868e1f16dea5ace
45,evalena,c88667b1,d4560e19b89ac7467d380896e7944e4723137ede,ab87d24bdc7452e55738deb5f868e1f16dea5ace
46,jastin,9f7c8515,cd2c1fb0f2843dbb2c9b4e8fedfa77ccd8036580,e5e9fa1ba31ecd1ae84f75caaa474f3a663f05f4
47,heikes,e1225e7d,4603eba81b918076780036f0d0ce9e05ce171de6,775bb961b81da1ca49217a48e533c832c337154a
48,cyren,694b5993,a5e8bddf295317162a0b61f13cc1e31dad042b9a,1cb5bd5a9e45420321f44c72da5d90d7f0432ffb
49,tyberious,f1f69dd7,d1b51fd7dcf1abf03b42463927aff5a53d649e5e,dd5fef9c1c1da1394d6d34b248c51be2ad740840
50,romella,96075631,b7b8d9ddd1e70ab887c904520369cedfa8f6448a,8cb2237d0679ca88db6464eac60da96345513964
51,teliah,66e61e6d,fd75fe66dceafd17cea05ac9a51f09a8b2f206f7,f1cf651ce1a2191a760c0b2f161234f7958e26e4
52,wayneisha,2852c4c1,d78997eda55c671b43a9e5dfa8c2a1caf5d03440,601f1889667efaebb33b8c12572835da3f027f78
53,roschell,9ee14dc9,e78d21449c074c56a684ce6f033b5a224e192a5f,b1b3773a05c0ed0176787a4f1574ff0075f7521e
54,jamieson,c513cb0b,2c31faf48ec0241ce2f986c6b34661a1ab01c090,5baa61e4c9b93f3f0682250b6cf8331b7ee68fd8
55,dayaram,4078a473,09d4a52992c7a58a71f70ec32ef93974a8626d9e,e5e9fa1ba31ecd1ae84f75caaa474f3a663f05f4